index,Review
1,"I known this is inappropriate but this is my little way of showing gratitude and appreciation to her.  Shirley Wagner helped me trade my $ 1000 to earn $ 7,700 in five days.  She's very straight forward and genuine, you can contact her for your trading via her details below   Email: shirleywagner092@gmail.comWhatsApp:+1(305)699-4247"
2,"I see how most people complain about the pandemic disaster how they can't afford certain things and how most of them lost their job due to this crisis. My case was like this until I saw a review on crypto investment that changed my story for good. I never believed it at first but after much convincing by my account manager in the person of Madam Evelyn Joshua I decided to give it a trial with just $1,000 even though there was a lower cost of investment. starting with this, … Lihat selengkapnya"
3,tango itu sangat renyah dan bikin semua orang suka
4,tango rajanya wafer. mantap
5,saya suka sekali sama tango yang rasa vanilla
6,enak dan renyah rasanya yang paling enak rasa coklat
7,"wafer kesukaan dr saya kecil sampe mau punya anak 3,wafernya renyah lembut,coklatnya enak.andalan deh "
8,wafer coklat nya ranyah dan gurih dan enak di bawa kemana saja
9,rasanya sedap renyah guri
10,Tango itu sangat Renyah dan Enak banget saya sangat suka dengan Tango.
11,Tango wafer renyah kemasan resealable zip lock bagus penampilannya menarik dan praktis cocok untuk dibawa rekreasi atau untuk oleh -oleh acara syukuran
12,mantap sekali..  mudah dan praktis
13,wafer ini sangat di sukai oleh anak2
14,Tango wafer renyah gurih dan crim nya berasa bangeeeet..... Pokoknya tango wafer renyah Good deh.... 
15,Tengo wafer bubblegum sang enak apa lagi yg cokelat yg vanila setoberi wah asyik ya makan tengo apa saat liburan wah enak ya saya sangat suka tengo wafer
16,BaikEnak LezatRenyah
17,gak cuma anak-anak orang dewasa juga sukaaaaaaa banget dengan tanggo wafer yg renyah......mau beli ok apa lagi di kasih nggak nolaaaak
18,enyak enyak enyak... tapi sayang rasa tiramisu nya gk ad lagi hiks....
19,"Semua rasa tango sy & keluarga suka smua, menemani di setiap aktivitas kami sbg cemilan fav, trimakasih tango sukses selalu"
20,Wafer tango itu enak banget bisa jadi teman nyemil���
21,Enak banget...wafer renyah dimakan
22,I ONLY WANT TANGO TIRAMISU FLAVOUR!
23,Wafer andalan keluarga kami karena cokelatnya berasa
24,"Wafer Tango itu enaknya berasa banget, keliatan kalau bahannya memang berkualitas, yang vanila mantep, yang coklat keliatan coklat mahalnya. yang kejuu...kerasa keju aslinya, bukan keju bo'ong bo'ongan alias keju kejuan"
25,ada rasa babelgum nya dan renyah saat dii gigit
26,Tango selalu ada di setiap saat. Slalu menemani dengan rasa renyah tiada Tara. Tak nikmat bila tidak menikmati di tiap lapisannya
27,Yang rasa Vanilla Favorit bangett ���
28,Tanggo wafer rasanya enak bangat
29,dari saya yang merindukan tango tiramisu
30,Rasanya enak smua keluarga suka
31,"Tango wafer selalu ada di rumah, apalagi momen lebaran. Pasti numpuk berkaleng2 karena ini cemilan favorit keluarga. Yuk cobain renyahnya tango wafer. . "
32,"Tango wafer itu lezat,tidak ada yang bisa ngelupain rasa-nya."
33,"super renyah, raa memikat, higenis dan cemilan sehat pilihan keluarga"
34,Rasa coklat paling juara..varian rasany bnyak..mntap
35,Enak banget pokoknya 
36,"Wafer tango adlh wafer paling enak, sekali mkn udh tau klo ini wafer tango.. Rasa'y gk pernah berubah... I like wafer tango"
37,wah saya suka sekali sama wanfer tango soalnya enak banget kemrin saya mborong banyak wafer tango. soalnya enak banget saya suka.....apalagi rasa vanila black ama keju hmmmm uenak mantap jos kojos-kojos pokoknya mantapppp
38,Libur paling enak ngemil snack wafer tango wafernya renyah dan gurih serta rasanya yang enak rasa coklat apalagi yummmyyy
39,"All problem solution by pandit Mahaveer shastri ji specialist in love problem solutionOnline astrologer +91-9872544703समस्या कैसी भी --हो घर बैठे समाधान प्रेम-विवाह मनचाहा प्यार,लव मैरिज वशीकरण,सौतन दुस्मन छुटकारा,पति पत्नी अनबन गृहक्लेश निःसंतान स्पेस्लिस्ट समस्या कैसी भी -हो घर बैठे समाधान +91-9872544703 अपनी जन्म तारीख भेजो और अपने जीवन से जुड़ी हर परेशानी का हल करवाओ1. Love problem solution2. Love marriage specialist… Lihat selengkapnya"
40,Renyah rasanya dan selainya pas manisnya
41,Tango wafer renyah dan enak
42,"Renyah, mantap, enak rasanya"
43,"Dari dulu sudah suka Tango WaferDr kecil waktu dikasih tango ,lgsung suka,apalagi makan sambil nonton TV,gak terasa nanti kalau tinggal bungkusnya...."
44,Sangat luar biasa tanggo wafer...
45,Tango wafer enak gurik renyah enakkk dimakan loh frans freans
46,Saya sangat suka wafer tango rasanya manis renyah & nikmat sekali
47,"Tango wafer rasanya enak, lezat, dan banyak isinya ratusannnn"
48,Wafer tango enaakk bgt
49,Enak banget and mantap
50,Nikmat dan mantaf.tango memang nikmat....
51,Tango waffel rasanya coklatnya enak
52,"TANGO WAFER RENYAH, cobain deh!!!!! Rasanya enak, renyah, dan bikin ketagihan. Inilah cemilan spesial yang selalu membuat moment-moment kami menjadi berarti.   "
53,"Saya sangat suka wafer tango rasa vanila, rasa manis yang lembut, buat ketagihan pengen makan lagi dan lagi."
54,Saya sangat suka dengan wafer tango..rasa nya yg enak ..renyah..aqu suka banget rasa chocolate
55,pembodohan publik tentang kode promo !!!!
56,"Tango Wafer cemilan pas disegala suasana ,renyah wafernya selalu jadi rebutan,hihi"
57,Saya suka tango wafer yg rasa coklat dan vanila soalnya rasanya tidak bikin bosan pengenya makan terus apa lg klw gratis�
58,Cuma Tango Wafer yang enaknya bikin ketagihan! ���
59,"Saya sangat menyukai wafer tango renyah,karena waferx lembut,renyah luar dan di dalam dan juga rasa manisnya pas.I like it wafer tango "
60,Tango wafer suangat uwenak sekali...
61,Wafernya crunchy dan rasanya melekat hingga lapisan terakhirnya.....
62,Rasanya enak banget! Pokoknya tango sippp!
63,"Tango enak banget,renyah pas bnget untuk di temenin kopi,teh hangat pokonya cocok untuk keluargaku."
64,Saya sekeluarga sangat suka fawer tango
65,Tango wafer renyah �
66,selamat pagi...ini saya salah satu penggemar wafer walut lah kok pas beli ada satu saset yg tidak ada isinya.apa tidak ada quality controlnya
67,"Saya suka banget wafer tanggo.. Pas banget buat ngemil.. Rasanya ennaakk. Saya suka yang vanilla, anak anal suka yang coklat.. Semoga makin sukses"
68,Tango itu Enak makanya saya suka harga nya murah lagi yang paling saya suka tango krafle
69,"Tanggo memang enak bgt udah dech kalau rasa tdk bisa diomngin snack yg dari kecil aku makan sampk sekrng anak"" ku jg makan nah berarti enaknya dan renyah bgt pokonya enak bgt.. Dikantin ibuku juga jual ini beee lariss bgt .."
70,Tango enak gurih saya kedemenan makan tango di dalem nya ada berlapis coklat enak tau?
71,Wafer tanggo kesukaan kekuarga saya
72,Tango memang enak..banget.
73,Tango warna renyah banget saya aja suka makan tango sekarang saya lagi makan tango tango is teh best
74,"Saya suka tango, selain enak rasanya enak juga untungnya berjualan tango"
75,Wafer reyah dan banyak varian rasanya..enak di makan saat apapun dan bisa dimakan segala usia..Love Tango Wafer..
76,Tango Wafer Renyah.sudah lama menjadi idolaku.semoga produk ini semakin menjadiidola sepanjang masa.!!!I LIKE.Tango!
77,Krenyes krenyes Krafle Tango nya
78,Saya sk sekali tango wafer smua rasa hmm enak
79,Saya suka wafer tanggo ..Tapi kenapa setiap saya buka yang kemasan vaniila pasti dapet kode unik. Sedangkan yang coklat belum pernah dapet.
80,Permisi saya mau kasih tau aganSWafer Tango itu bener bener enak renyah garing luar dalam coklatnya enaakkk bingiittzss dan sekali gigit langsung Kreeesss bikin ketagihan lagi dan lagi... I Like it deCh... 
81,wafer tango renyaaaah tiada duanya
82,Aku suka tango dari kecil �
83,"Wafer tango memang enak, menemani saat sntai,saat nonton tv, camilan yg shat."
84,"Thanks tango kau sangat mudah di cari untuk membuat parcel,wafer yang lain lewat"
85,Cukup baik enak dan bergizi
86,Enak binggo renyah gurih . Dan tidak mau berhenti ngunyah loeee
87,tango wafer emang kusuka..enak rasanya renyah wafernya..!!klo untuk pemesanan banyak hubungi kemana y..
88,enak dan rasanya gak enek
89,Tango emang lembut di mulut
90,Seandainya tango tiramisu bisa keluar lagi. Yum yum.... yg rasa sekarang enak kok.. cuma idaman aku ya yang tiramisu 
91,"Suka dari jaman dulu..yang namanya Tango waFer,cemilan,makanan ringan suka semua rasa dan yang pasti Batitaku ikutan suka suka,karena selalu sedia dirumah.."
92,"Tango wafer renyah,Ratusan lapis hadiah nya "
93,Tango rasa nya. Yg mantap dan Nikmat
94,Mantep hadiah y kerennn
95,Dari jaman anak2 ampe ne udh merid masih suka banget tango wafer yg rasa coklat...uenakk nya pake bangett
96,Wafer tango tiada tandingannya
97,"Tango waffle resep terbaru dengan adanya cokelat dan milk enak dan lezat , bergizi ."
98,Tango wafer..enakkk & renyah coklat nya mantapp..& ratusan lapis HADIAH
99,"Renyah,manis dan enak,Tango Wafer the best pastiii.."
100,Wafer yg renyah berlapis coklat yg enak
101,Kres kresnya bikin nagih...
102,Tango memang enak. Pas utk bekel anakku sekolah....
103,Enak bingit...yg tango wafer yg rasa vanila.. q sangat suka teruma kadih tango..
104,Tango kesukaan zy tapi ada undian g pernh menang...pdhl pingin bget menang.amin
105,Tango mantep...rasa coklat n vanilla...
106,enak....tapi lbh enak klu sesekali d buat undian.
107,Rasa vanilla tango bikin mau lagii..dan lagi.I like it
108,Wafer tango enak dan lezat dinikmati bareng keluarga dan teman2 semua. Aku selalu menyediakan wafer tango di rumah terutama di ruang tamu buat cemilan keluarga. Baru aku taruh wafernya ke toples tapi cepat abis deh... sampai aku enga kebagiannnn. Tapi enga apalah yang penting keluarga happy aku juga senang bersama wafer tango yang paling aku cinta dan sukai.... terima kasih wafer tango. Berapa lapis ratusan memang tango enakkkk 
109,Tango wafer coklat uenak tenan..
110,Liburan dengan keluarga sambil ngemil di tempat wisata..pas banget
111,Enak bikin ketagihan....
112,Wafer kesukaan keluargaku.....
113,"Tango mmg wenak bgt. Rsx lebih enak lg dari pada wafer, biskuit dan snack yg lainya."
114,Wafer Tango itu wafer yang paling enak dan paling renyah. Wafer favorit saya dan keluarga. Klo inget wafer ya Tango dong 
115,LUAR BIASA NIKMATNYA....TANGO  SUSU VANILLA
116,cukup enak karna kerenyahan wafernya
117,Tango Waffle memang enak untuk cemilan
118,Tango waffle dan tango wafer coklat favoritku.. rasanya...gigit bgt...
119,aku sukaaa banget wafer tango yang rasa coklat. yummy !!! 
120,Tango waffle enaak & renyah..Satu mana cukupK5SWAKS252Y4
121,cuma suka yang coklat
122,Tango sllu ada di setiap aktifitasku
123,Enak...renyah...mantap bgt dech pokoknya....
124,Cemilan ringan cocok untuk di perjalanan
125,"Renyah nya ngk ada tandingan, Cream nya hmmm mantap, kress kress sebungkus mana cukup "
126,Gampang bawanya kemana-mana dan rasanyaaaaaa tuh lapisaaaaaannnn enaknya!
127,Wafer tanggo Memang sahabat keluarga
128,Hmmmmm.....yummyGurih dan nikmat
129,"Muantab coklatx, pass pula hargax seolah lidah ikut goyang ala Tango"
130,Tanggo wafer itu renyahnya bikin santai jd makin nikmat...
131,enak renyah gurih
132,snack terfavorite keluarga
133,"Nomer uniknya kok ga bisa terkirim ya, mohon admin info nya, makasih"
134,Mohon infonya untuk tango wafer untuk undian berhadia format tangowow kok selalu salah di tanggal lahir dan tanda pagarnya mohon infonya terima kasih
135,pak apa benar pt tango wafer masih mengadakan undian berhadiah
136,I Like TANGO WAFER RENYAH..
137,Enaak
138,Doyan makan hobby ngemil tapi cita2 pingin langsing aman tanpa efeksamping.tanpa keluhan yuk add fb ku
139,Siip nikmat renyah
140,Tango Crunch Cake is my favorite hemm yummy... I like chocolate 
141,indah nya berbagi degan kelezatan tango waffle bersama keluarga dan teman - temanSP97FFD2XH45
142,sukaaak...banget dari jaman kecil sering dibelikan satu box sama bapak..sampai sekarang masih sering bawa bekal ke tempat kerja...��love love sama tango
143,Tanggo rasa cocopandan maknyus
144,Tango kraffle enak banget lah sumpah rasanya pengen lagi n lagi.. smoga ada rasa kopi ato coklat.. mantapp nih tango..
145,Rasanyaaa itu spesial bangett!!! Pengen lagi pengen lagi ga bisa setop
146,"Heyyyy, Tango enak,,  berapa lapis,,?"
147,Nyam nyam
148,RENYAH ENAK!!
149,Tanggo wafer cemulan kesukaanku sm anak2!!!
150,benar2 renyah
151,Lejat pisan tenggo emng cemiln seharai hari
152,Mantap buat teman minum secangkir teh...
153,Mantap wafer nya
154,Wafer paling enyaakk.. sekeluarga doyan.. satu toples kaleng bs hbis dlam semalam.. cemilan nnton tv.. hehehe...
155,I like very much tango crunch cake.... nyammyyy
156,"Benar2 RenyahhhhYammmyVanila,coklat,capucinoSamuo enakkk"
157,dulunya ratusan... kenapa sekarang beberapa lapis doang
158,renyah nikmat buat ngemel
159,mmmm yummy..
160,"JEYL9253HMH7  ENAK, RENYAH,COKLATNYA BERASA BANGET,,,  SATU MANA CUKUP..."
161,Nikmat di makan saat santai dan week end..
162,"rasa mantap ,,,, W3UX3RZSA757"
163,Tango wafer liburan seru keluarga
164,Tango...wafer rasa mengejutkan
165,"Wafernya renyah bingit...saya suka,saya suka hmmmmmm rasa vanilla"
166,"Tanggo itu gk da duanya,, dengan banyak rasa bisa dinikmati dalam setiap moment... terimakasih tanggo telah menjadi sahabatku.."
167,pokokny klo mw jln2 pasti nyiapin Tango Wafer Renyah...soalny Rasa ny th nempeeeeeeeeellllll bgt di lidah...!!
168,Gurih ♪ gurih  yyyaaaaammmiiiii eemmbbb 
169,Tango Waffle...pelengkap bersantai yang nikmat benerrrrrr.
170,"Dapet kupon hadiah, ini asli gak ya???"
171,"aku padamu deh tango , renyah manis campur jadi satu nikmaaat"
172,Poko Nya tango enak
173,"Numpang share ni,,kita penikmat waffle tango,,apakah pt ultra prima abadi mengadakan undian berhadian didalam kemasan waffle tango...soalnya sya mendapatkan kupon berhadian didlam waffle..trimakasih"
174,Enak menemani waktu di saat santai
175,teman setia segala suasana. TANGO WAFFLEW onderfulA mazingF antasticF ood… Lihat selengkapnya
176,Makanan ringan Lezat..Nikmat..dan beGizi.. Ya Tango lah..! Sangat cocok bwt temen nyantai..
177,mantap C7D377RZEH3W
178,Rasay mempunyai ciri khas sndiri wafery lbh lmbut.
179,Wafernya renyah kalo coba pingin terus
180,Hilda like thisss...Tango chocolate... Rasanya ga ada matinya.. ¦D
181,Tanggo wafer berapa lapis....ratusan.. cemilan renyah mantap
182,"Emang ada undian langsung sampai desember 2015, soalnya saya dapat"
183,Enak nya berlapis2...
184,"Iseng pas buka puasa didalam kereta,gak ada cemilan lain ada wafle tango dpt kode unik DTCL5LRD9425, apa artinya?"
185,lain drpd yg laen...apalagi yg coklaat..
186,too sweet. maybe u can add apple flavour or banana 
187,Cemilan favorite keluarga
188,"Aku suka tanggo rasa VANILA !!!!!!!!!!!!!!!!!!!!!! Mimin, mau dong......... "
189,Tanggo wafer bkin lidah brgoyangYamiiii...!!!
190,Pt ultra prima abadi apakah mengadakan undian berhadiah..soalnya ni saya memdapatkan kupon berhadian dri dlam waffle tango..Trimakasih
191,Tango tuh i Like it bangeeet...Coklat nya tuh kerasa...wangi pula rasa nya...Houshe ma....
192,I LOVE TANGO
193,Admin banyak yang tanya nih pengumuman tanggo wow kapan? Padahal sudah bulan juli ?? Tolong donk jawabannya ?
194,Tanggo mknan faforit gua..
195,Cemilan kesukaan keluarga..renyahnya bikin ketagihan
196,Pas sore buat teh pake wafer tango
197,kira2 klo promo bnr ga..soal nya tiap hari mkn tango tp stlah tadi bli d alfamart..sy mndapat kan kupon..abda mndapatkan 1unit avanza...bner ga kira2...
198,Kalo udh makan 1 mah mana cukup ! Tanggo waflle selalu dihati
199,Tango udah lama jadi favorit keluarga....
200,gamenya mantap !!! harus banyak baca artikel hehe biar menag
201,Enak buat wisata
202,"Dear Our Partner,Please invite pin 29141476contact 0818 0909 3844Email. deni.subagdja@grandserela.comFor reservation room, meeting, gathering and act… Lihat selengkapnya"
203,Long cheese wafer
204,Enak.
205,Mmg Tanggo enk..
206,Tango....harus slalu ada..uenaak...
207,"satu mana cukup... , kode dcc7354c2avp"
208,Rasanya selangit....
209,Cocok buat ngemil kapan saja dan dimana saja ...coklatnya  terasa banget
210,Enak
211,wafernya renyahhhh
212,.wafernya renyah
213,Tango Waffle...  asyik buat temen disuasana apapun...
214,MIN TOLONG DI SHARE DONG PION KUIS TANGI TRIVIAN TER TINGGI SEMENTARA BIAR PADA TAU
215,Enak
216,cemilan sehat...hmmmmm cemilan favorit keluarga
217,mantabb.. dr dulu sampe sekarang rasa ttp sama.. enyaaakkkkk
218,Great
219,Wafernya enak..tp CSnya susah dihubungi.
220,Novita sari ....tangGo cocok untk santai bareng kluarga ....enak ya gk da yg tandingin TANGGO 
221,kode : UPS3Y5DEE499
222,"Waaduuhh makjus, nikmatnya terinspirasi ......."
223,Lezat
224,Hebat!!!! I  It <3<3<3 u Tango
225,Satu mana cukup! Beneran dech   3Z7LN335NKKL
226,Sangat oke
227,BarokallahufiikSemoga sukses dan berkah.Amin.
228,mantap...!!!!!
229,kode ZJV49UK945XV
230,9Z9XF2F9HP3Y9SRW2WKU272U
231,TiP lpisn nya bsa buat bnyk critA...
232,Enaakkk
233,Wafernya gurih2.. nyoy..
234,Satu? Mana cukup!Berapa lapis? Ratusan! 
235,wafernya enak
236,9D5RMEX2Y34E
237,7ZHU27R5WWS4
238,959S42KANPRA
239,7PYY734A3YYA
240,4Z2PMKC7W5W7
241,7CEE2UJZ47P3
242,9MUUVXC9452V
243,9TM2R725WWNC
244,"Salam.. buat Tango Lovers yg ada d slruh indonesia dr anak2 PT.UPA Klari, Karawang. "
245,  the
246,Wow....
247,Good
248,tes
249,"Heem,ya enk.gurih+nikmat"
250,H25RHCN43FW9
251,chruncy abis.....!!!
252,H29R5MR2C4AV
253,M9TUCM7353AA
254,WZM3597K4JZ
255,DL4YR5TM273F
256,PZ4ZU59TFF94
257,Mstapha
258,X4EE7P44R5UD
259,P44V5V22ZDKY
260,F7Z3792FMCRX
261,W3CD9X2A35KZ
262,S7SETL53UN22
263,DWZW244YKC59
264,R4592VCEJ36R
265,KJZFW244R35R
266,KJZFW244R35R
267,NUA3J5TT595A
268,N5HHA5WC2T55
269,NM7CR427A5DA
270,K70957NJ9FDW
271,VYPRMY744V22
272,JRA932CZ23DL
273,M93742VHDZMV
274,HL7L5DDS9Z39
275,H2NSNJ752A4A
276,D93TTDA3WM24
277,M922JH9L9LJT
278,TUN3W4ZH27C9W
279,D7397R9YAASC
280,J7X3XL5NS25A
281,NJ9333U7FFZJ
282,MW3W4DT254HN
283,NXRTF2Z5435F
284,T5R33E9EKCX5
285,JE7WX5RMS555
286,RPH7J22LAY33
287,KTDKSV4V5559
288,DRETEM7322D7
289,N52T4WA99TNZ
290,CSV2V7HR3U22
291,T559J4ZLJL4M
292,N97249EXVRSD
293,UZ932TZUW49A
294,ZX3C2NAPA494
295,UXV9V94DH37N
296,Y2ZU5239VJAX
297,Z423PP7WXX2W
298,TD5M23UK4LE9
299,CSS22N97E9EX
300,U7Z2KEDEJ354
301,DP77WW5Y7D7U
302,HY5ZX79Y3AA3
303,D4RHKXF2392F
304,WJXX247W53ZK
305,P5M55T97YVVR
306,SLE2ZCM7KG22
307,Bebaslah
